<?xml version="1.0" encoding="UTF-8" standalone="yes"?>
<addon id="plugin.pongocode.zipflix" name="ZipFLIX" version="1.0.0" provider-name="Pongo">
    <requires>
        <import addon="xbmc.python" version="3.0.0"/>
        <import addon="script.module.routing" version="0.2.0"/>
        <import addon="script.module.simplejson" version="3.3.0"/>
        <import addon="script.module.codequick" version="1.0.2"/>
        <import addon="script.module.beautifulsoup4" version="4.3.2"/>
    </requires>
    <extension point="xbmc.python.pluginsource" library="main.py">
        <provides>video</provides>
    </extension>
    <extension point="xbmc.addon.metadata">
        <summary lang="en_US">ZipFLIX!</summary>
        <description lang="en_US">The Best Experience Ever!</description>
        <language>English</language>
        <platform>all</platform>
        <license>MIT</license>
        <forum></forum>
        <website>Pongo repo</website>
        <email></email>
        <source></source>
        <news></news>
        <disclaimer></disclaimer>
        <assets>
            <icon>resources/icon.png</icon>
            <fanart>resources/fanart.jpg</fanart>
            <screenshot>resources/screenshots/background.jpg</screenshot>
            <screenshot>resources/screenshots/drama.jpg</screenshot>
            <screenshot>resources/screenshots/wall.jpg</screenshot>
        </assets>
    </extension>
</addon>
